{"train/loss": 0.6936589267339792, "train/accuracy": 50.049288832558794, "epoch": 52, "_timestamp": 1738696952.066693, "_runtime": 160.83539605140686, "_step": 51}