{"train/loss": 0.32461631298065186, "_timestamp": 1738694265.346057, "_runtime": 46.761576890945435, "_step": 5107}