{"train/loss": 0.7009464502334595, "_timestamp": 1738695753.1815832, "_runtime": 73.83858513832092, "_step": 4604}