{"train/loss": 1.3422448635101318, "_timestamp": 1738609971.135206, "_runtime": 62.829654932022095, "_step": 8910}