{"train/loss": 1.0353764295578003, "_timestamp": 1738693989.132509, "_runtime": 5.895159959793091, "_step": 68, "_wandb": {"runtime": 5}}