{"train/loss": 0.002414694055914879, "_timestamp": 1738694500.9836318, "_runtime": 35.36298179626465, "_step": 3694}