{"train/loss": 0.5554083585739136, "_timestamp": 1738694870.59041, "_runtime": 62.54043793678284, "_step": 7169}