{"train/loss": 0.423714816570282, "_timestamp": 1738694101.477532, "_runtime": 53.76622796058655, "_step": 7088}