{"train/loss": 6457484.5, "_timestamp": 1738607298.545542, "_runtime": 63.57960510253906, "_step": 8721}