{"train/loss": 0.5420376658439636, "_timestamp": 1738694789.01107, "_runtime": 152.6715989112854, "_step": 20851}