{"train/loss": 1.169540286064148, "_timestamp": 1738693628.338517, "_runtime": 143.38584089279175, "_step": 22199, "_wandb": {"runtime": 143}}