{"train/loss": 0.7075582146644592, "_timestamp": 1738695837.9149399, "_runtime": 35.349395990371704, "_step": 2131}