{"train/loss": 0.6429351707836529, "train/accuracy": 50.02112378538234, "epoch": 58, "_timestamp": 1738696656.499307, "_runtime": 751.8460400104523, "_step": 57}