{"train/loss": 0.0031981482170522213, "_timestamp": 1738694425.343422, "_runtime": 29.274197816848755, "_step": 3256}