{"train/loss": 0.21430765092372894, "_timestamp": 1738694546.839696, "_runtime": 26.947126865386963, "_step": 3061}