{"train/loss": 1.381618857383728, "_timestamp": 1738693262.8892941, "_runtime": 63.775716066360474, "_step": 8966}